timestamp,face,facial_area,confidence,face_id,path
1698915882,"[[[0. 0. 0.]
  [0. 0. 0.]
  [0. 0. 0.]
  ...
  [0. 0. 0.]
  [0. 0. 0.]
  [0. 0. 0.]]

 [[0. 0. 0.]
  [0. 0. 0.]
  [0. 0. 0.]
  ...
  [0. 0. 0.]
  [0. 0. 0.]
  [0. 0. 0.]]

 [[0. 0. 0.]
  [0. 0. 0.]
  [0. 0. 0.]
  ...
  [0. 0. 0.]
  [0. 0. 0.]
  [0. 0. 0.]]

 ...

 [[0. 0. 0.]
  [0. 0. 0.]
  [0. 0. 0.]
  ...
  [0. 0. 0.]
  [0. 0. 0.]
  [0. 0. 0.]]

 [[0. 0. 0.]
  [0. 0. 0.]
  [0. 0. 0.]
  ...
  [0. 0. 0.]
  [0. 0. 0.]
  [0. 0. 0.]]

 [[0. 0. 0.]
  [0. 0. 0.]
  [0. 0. 0.]
  ...
  [0. 0. 0.]
  [0. 0. 0.]
  [0. 0. 0.]]]","{'x': 589, 'y': 169, 'w': 182, 'h': 182}",4.016259063209873,1,1698915883.035114_frame.jpg
1698915946,"[[[0.5764706  0.5764706  0.5764706 ]
  [0.5764706  0.5764706  0.5764706 ]
  [0.5764706  0.5764706  0.5764706 ]
  ...
  [0.58431375 0.58431375 0.58431375]
  [0.58431375 0.58431375 0.58431375]
  [0.58431375 0.58431375 0.58431375]]

 [[0.5764706  0.5764706  0.5764706 ]
  [0.5764706  0.5764706  0.5764706 ]
  [0.5764706  0.5764706  0.5764706 ]
  ...
  [0.58431375 0.58431375 0.58431375]
  [0.58431375 0.58431375 0.58431375]
  [0.58431375 0.58431375 0.58431375]]

 [[0.5764706  0.5764706  0.5764706 ]
  [0.5764706  0.5764706  0.5764706 ]
  [0.5803922  0.5803922  0.5803922 ]
  ...
  [0.58431375 0.58431375 0.58431375]
  [0.58431375 0.58431375 0.58431375]
  [0.58431375 0.58431375 0.58431375]]

 ...

 [[0.5921569  0.5921569  0.5921569 ]
  [0.59607846 0.59607846 0.59607846]
  [0.59607846 0.59607846 0.59607846]
  ...
  [0.58431375 0.58431375 0.58431375]
  [0.58431375 0.58431375 0.58431375]
  [0.58431375 0.58431375 0.58431375]]

 [[0.5921569  0.5921569  0.5921569 ]
  [0.5921569  0.5921569  0.5921569 ]
  [0.59607846 0.59607846 0.59607846]
  ...
  [0.58431375 0.58431375 0.58431375]
  [0.58431375 0.58431375 0.58431375]
  [0.58431375 0.58431375 0.58431375]]

 [[0.5921569  0.5921569  0.5921569 ]
  [0.5921569  0.5921569  0.5921569 ]
  [0.59607846 0.59607846 0.59607846]
  ...
  [0.58431375 0.58431375 0.58431375]
  [0.58431375 0.58431375 0.58431375]
  [0.58431375 0.58431375 0.58431375]]]","{'x': 774, 'y': 76, 'w': 88, 'h': 88}",3.3739721741876565,1,1698915949.026122_frame.jpg
1698915946,"[[[0. 0. 0.]
  [0. 0. 0.]
  [0. 0. 0.]
  ...
  [0. 0. 0.]
  [0. 0. 0.]
  [0. 0. 0.]]

 [[0. 0. 0.]
  [0. 0. 0.]
  [0. 0. 0.]
  ...
  [0. 0. 0.]
  [0. 0. 0.]
  [0. 0. 0.]]

 [[0. 0. 0.]
  [0. 0. 0.]
  [0. 0. 0.]
  ...
  [0. 0. 0.]
  [0. 0. 0.]
  [0. 0. 0.]]

 ...

 [[0. 0. 0.]
  [0. 0. 0.]
  [0. 0. 0.]
  ...
  [0. 0. 0.]
  [0. 0. 0.]
  [0. 0. 0.]]

 [[0. 0. 0.]
  [0. 0. 0.]
  [0. 0. 0.]
  ...
  [0. 0. 0.]
  [0. 0. 0.]
  [0. 0. 0.]]

 [[0. 0. 0.]
  [0. 0. 0.]
  [0. 0. 0.]
  ...
  [0. 0. 0.]
  [0. 0. 0.]
  [0. 0. 0.]]]","{'x': 542, 'y': 178, 'w': 184, 'h': 184}",8.653200073109474,2,1698915950.431565_frame.jpg
1698915950,"[[[0. 0. 0.]
  [0. 0. 0.]
  [0. 0. 0.]
  ...
  [0. 0. 0.]
  [0. 0. 0.]
  [0. 0. 0.]]

 [[0. 0. 0.]
  [0. 0. 0.]
  [0. 0. 0.]
  ...
  [0. 0. 0.]
  [0. 0. 0.]
  [0. 0. 0.]]

 [[0. 0. 0.]
  [0. 0. 0.]
  [0. 0. 0.]
  ...
  [0. 0. 0.]
  [0. 0. 0.]
  [0. 0. 0.]]

 ...

 [[0. 0. 0.]
  [0. 0. 0.]
  [0. 0. 0.]
  ...
  [0. 0. 0.]
  [0. 0. 0.]
  [0. 0. 0.]]

 [[0. 0. 0.]
  [0. 0. 0.]
  [0. 0. 0.]
  ...
  [0. 0. 0.]
  [0. 0. 0.]
  [0. 0. 0.]]

 [[0. 0. 0.]
  [0. 0. 0.]
  [0. 0. 0.]
  ...
  [0. 0. 0.]
  [0. 0. 0.]
  [0. 0. 0.]]]","{'x': 541, 'y': 147, 'w': 185, 'h': 185}",8.651866026164498,2,1698915951.347776_frame.jpg
1698915952,"[[[0.12941177 0.12941177 0.12941177]
  [0.12941177 0.12941177 0.12941177]
  [0.12941177 0.12941177 0.12941177]
  ...
  [0.4117647  0.4117647  0.40392157]
  [0.4117647  0.40784314 0.40392157]
  [0.40784314 0.40392157 0.4       ]]

 [[0.13333334 0.13333334 0.13333334]
  [0.13333334 0.13333334 0.13333334]
  [0.12941177 0.12941177 0.12941177]
  ...
  [0.39215687 0.3882353  0.38431373]
  [0.4        0.39607844 0.39215687]
  [0.39607844 0.39215687 0.39215687]]

 [[0.13333334 0.13333334 0.13333334]
  [0.13333334 0.13333334 0.13333334]
  [0.13333334 0.13333334 0.13333334]
  ...
  [0.31764707 0.3137255  0.30980393]
  [0.34901962 0.34117648 0.34117648]
  [0.3647059  0.36078432 0.35686275]]

 ...

 [[0.52156866 0.5137255  0.5137255 ]
  [0.5176471  0.5137255  0.5058824 ]
  [0.5137255  0.50980395 0.5058824 ]
  ...
  [0.4745098  0.4745098  0.4745098 ]
  [0.4745098  0.4745098  0.4745098 ]
  [0.47058824 0.47058824 0.47058824]]

 [[0.6039216  0.5019608  0.41960785]
  [0.6        0.49803922 0.41568628]
  [0.6        0.49411765 0.4117647 ]
  ...
  [0.4745098  0.4745098  0.4745098 ]
  [0.4745098  0.4745098  0.4745098 ]
  [0.47058824 0.47058824 0.47058824]]

 [[0.7294118  0.4745098  0.27058825]
  [0.7294118  0.4745098  0.27058825]
  [0.7294118  0.4745098  0.27058825]
  ...
  [0.4745098  0.4745098  0.4745098 ]
  [0.4745098  0.4745098  0.4745098 ]
  [0.4745098  0.4745098  0.4745098 ]]]","{'x': 314, 'y': 210, 'w': 165, 'h': 165}",4.5709070937591605,2,1698915953.275237_frame.jpg
1698915953,"[[[0. 0. 0.]
  [0. 0. 0.]
  [0. 0. 0.]
  ...
  [0. 0. 0.]
  [0. 0. 0.]
  [0. 0. 0.]]

 [[0. 0. 0.]
  [0. 0. 0.]
  [0. 0. 0.]
  ...
  [0. 0. 0.]
  [0. 0. 0.]
  [0. 0. 0.]]

 [[0. 0. 0.]
  [0. 0. 0.]
  [0. 0. 0.]
  ...
  [0. 0. 0.]
  [0. 0. 0.]
  [0. 0. 0.]]

 ...

 [[0. 0. 0.]
  [0. 0. 0.]
  [0. 0. 0.]
  ...
  [0. 0. 0.]
  [0. 0. 0.]
  [0. 0. 0.]]

 [[0. 0. 0.]
  [0. 0. 0.]
  [0. 0. 0.]
  ...
  [0. 0. 0.]
  [0. 0. 0.]
  [0. 0. 0.]]

 [[0. 0. 0.]
  [0. 0. 0.]
  [0. 0. 0.]
  ...
  [0. 0. 0.]
  [0. 0. 0.]
  [0. 0. 0.]]]","{'x': 532, 'y': 185, 'w': 172, 'h': 172}",5.464922109793406,1,1698915954.49202_frame.jpg
1698915953,"[[[0.49803922 0.49803922 0.49803922]
  [0.49803922 0.49803922 0.49803922]
  [0.49803922 0.49803922 0.49803922]
  ...
  [0.65882355 0.65882355 0.65882355]
  [0.65882355 0.65882355 0.65882355]
  [0.65882355 0.65882355 0.65882355]]

 [[0.49803922 0.49803922 0.49803922]
  [0.49803922 0.49803922 0.49803922]
  [0.49803922 0.49803922 0.49803922]
  ...
  [0.6627451  0.6627451  0.6627451 ]
  [0.65882355 0.65882355 0.65882355]
  [0.65882355 0.65882355 0.65882355]]

 [[0.49803922 0.49803922 0.49803922]
  [0.49803922 0.49803922 0.49803922]
  [0.49803922 0.49803922 0.49803922]
  ...
  [0.6627451  0.6627451  0.6627451 ]
  [0.6627451  0.6627451  0.6627451 ]
  [0.6627451  0.6627451  0.6627451 ]]

 ...

 [[0.5372549  0.5372549  0.5372549 ]
  [0.5372549  0.5372549  0.5372549 ]
  [0.5411765  0.5411765  0.5411765 ]
  ...
  [0.57254905 0.57254905 0.57254905]
  [0.5764706  0.5764706  0.5764706 ]
  [0.5764706  0.5764706  0.5764706 ]]

 [[0.5411765  0.5411765  0.5411765 ]
  [0.5411765  0.5411765  0.5411765 ]
  [0.5411765  0.5411765  0.5411765 ]
  ...
  [0.57254905 0.57254905 0.57254905]
  [0.5764706  0.5764706  0.5764706 ]
  [0.5764706  0.5764706  0.5764706 ]]

 [[0.5411765  0.5411765  0.5411765 ]
  [0.5411765  0.5411765  0.5411765 ]
  [0.5411765  0.5411765  0.5411765 ]
  ...
  [0.57254905 0.57254905 0.57254905]
  [0.5764706  0.5764706  0.5764706 ]
  [0.5764706  0.5764706  0.5764706 ]]]","{'x': 330, 'y': 502, 'w': 102, 'h': 102}",4.044673060474452,1,1698915958.312133_frame.jpg
1698915958,"[[[0. 0. 0.]
  [0. 0. 0.]
  [0. 0. 0.]
  ...
  [0. 0. 0.]
  [0. 0. 0.]
  [0. 0. 0.]]

 [[0. 0. 0.]
  [0. 0. 0.]
  [0. 0. 0.]
  ...
  [0. 0. 0.]
  [0. 0. 0.]
  [0. 0. 0.]]

 [[0. 0. 0.]
  [0. 0. 0.]
  [0. 0. 0.]
  ...
  [0. 0. 0.]
  [0. 0. 0.]
  [0. 0. 0.]]

 ...

 [[0. 0. 0.]
  [0. 0. 0.]
  [0. 0. 0.]
  ...
  [0. 0. 0.]
  [0. 0. 0.]
  [0. 0. 0.]]

 [[0. 0. 0.]
  [0. 0. 0.]
  [0. 0. 0.]
  ...
  [0. 0. 0.]
  [0. 0. 0.]
  [0. 0. 0.]]

 [[0. 0. 0.]
  [0. 0. 0.]
  [0. 0. 0.]
  ...
  [0. 0. 0.]
  [0. 0. 0.]
  [0. 0. 0.]]]","{'x': 588, 'y': 146, 'w': 180, 'h': 180}",4.8220950923278,1,1698915961.167708_frame.jpg
1698915961,"[[[0.56078434 0.5647059  0.5568628 ]
  [0.56078434 0.5647059  0.5568628 ]
  [0.5529412  0.5647059  0.5568628 ]
  ...
  [0.5647059  0.5647059  0.5647059 ]
  [0.5647059  0.5647059  0.5647059 ]
  [0.5647059  0.5647059  0.5647059 ]]

 [[0.56078434 0.5647059  0.5568628 ]
  [0.56078434 0.5647059  0.5568628 ]
  [0.5529412  0.5647059  0.5568628 ]
  ...
  [0.5647059  0.5647059  0.5647059 ]
  [0.5647059  0.5647059  0.5647059 ]
  [0.5647059  0.5647059  0.5647059 ]]

 [[0.56078434 0.5647059  0.5568628 ]
  [0.56078434 0.5647059  0.5568628 ]
  [0.5568628  0.5647059  0.5568628 ]
  ...
  [0.5647059  0.5647059  0.5647059 ]
  [0.5647059  0.5647059  0.5647059 ]
  [0.5647059  0.5647059  0.5647059 ]]

 ...

 [[0.5803922  0.5803922  0.5803922 ]
  [0.5803922  0.5803922  0.5803922 ]
  [0.58431375 0.58431375 0.58431375]
  ...
  [0.56078434 0.5568628  0.5568628 ]
  [0.5568628  0.5529412  0.5568628 ]
  [0.5568628  0.5529412  0.5568628 ]]

 [[0.5803922  0.5803922  0.5803922 ]
  [0.5803922  0.5803922  0.5803922 ]
  [0.5803922  0.5803922  0.5803922 ]
  ...
  [0.5568628  0.5568628  0.5568628 ]
  [0.5568628  0.5568628  0.5568628 ]
  [0.5568628  0.5568628  0.5568628 ]]

 [[0.5803922  0.5803922  0.5803922 ]
  [0.5803922  0.5803922  0.5803922 ]
  [0.5803922  0.5803922  0.5803922 ]
  ...
  [0.5568628  0.5568628  0.5568628 ]
  [0.5568628  0.5568628  0.5568628 ]
  [0.5568628  0.5568628  0.5568628 ]]]","{'x': 769, 'y': 160, 'w': 81, 'h': 81}",1.901017127733212,1,1698915965.832746_frame.jpg
1698915965,"[[[0.56078434 0.56078434 0.56078434]
  [0.56078434 0.56078434 0.56078434]
  [0.56078434 0.56078434 0.56078434]
  ...
  [0.5764706  0.5764706  0.5764706 ]
  [0.5764706  0.5764706  0.5764706 ]
  [0.5764706  0.5764706  0.5764706 ]]

 [[0.56078434 0.56078434 0.56078434]
  [0.56078434 0.56078434 0.56078434]
  [0.56078434 0.56078434 0.56078434]
  ...
  [0.5764706  0.5764706  0.5764706 ]
  [0.5764706  0.5764706  0.5764706 ]
  [0.5764706  0.5764706  0.5764706 ]]

 [[0.56078434 0.56078434 0.56078434]
  [0.56078434 0.56078434 0.56078434]
  [0.5647059  0.5647059  0.5647059 ]
  ...
  [0.5803922  0.5803922  0.5803922 ]
  [0.5764706  0.5764706  0.5764706 ]
  [0.5764706  0.5764706  0.5764706 ]]

 ...

 [[0.5764706  0.5764706  0.5764706 ]
  [0.5764706  0.5764706  0.5764706 ]
  [0.5764706  0.5764706  0.5764706 ]
  ...
  [0.5764706  0.5764706  0.5764706 ]
  [0.5764706  0.5764706  0.5764706 ]
  [0.5764706  0.5764706  0.5764706 ]]

 [[0.5764706  0.5764706  0.5764706 ]
  [0.5764706  0.5764706  0.5764706 ]
  [0.5764706  0.5764706  0.5764706 ]
  ...
  [0.5764706  0.5764706  0.5764706 ]
  [0.5764706  0.5764706  0.5764706 ]
  [0.5764706  0.5764706  0.5764706 ]]

 [[0.5764706  0.5764706  0.5764706 ]
  [0.5764706  0.5764706  0.5764706 ]
  [0.5764706  0.5764706  0.5764706 ]
  ...
  [0.5764706  0.5764706  0.5764706 ]
  [0.5764706  0.5764706  0.5764706 ]
  [0.5764706  0.5764706  0.5764706 ]]]","{'x': 768, 'y': 160, 'w': 79, 'h': 79}",1.901017127733212,1,1698915968.86668_frame.jpg
1698916138,"[[[0. 0. 0.]
  [0. 0. 0.]
  [0. 0. 0.]
  ...
  [0. 0. 0.]
  [0. 0. 0.]
  [0. 0. 0.]]

 [[0. 0. 0.]
  [0. 0. 0.]
  [0. 0. 0.]
  ...
  [0. 0. 0.]
  [0. 0. 0.]
  [0. 0. 0.]]

 [[0. 0. 0.]
  [0. 0. 0.]
  [0. 0. 0.]
  ...
  [0. 0. 0.]
  [0. 0. 0.]
  [0. 0. 0.]]

 ...

 [[0. 0. 0.]
  [0. 0. 0.]
  [0. 0. 0.]
  ...
  [0. 0. 0.]
  [0. 0. 0.]
  [0. 0. 0.]]

 [[0. 0. 0.]
  [0. 0. 0.]
  [0. 0. 0.]
  ...
  [0. 0. 0.]
  [0. 0. 0.]
  [0. 0. 0.]]

 [[0. 0. 0.]
  [0. 0. 0.]
  [0. 0. 0.]
  ...
  [0. 0. 0.]
  [0. 0. 0.]
  [0. 0. 0.]]]","{'x': 504, 'y': 355, 'w': 150, 'h': 150}",5.975063164893072,2,1698916141.183869_frame.jpg
1698916141,"[[[0. 0. 0.]
  [0. 0. 0.]
  [0. 0. 0.]
  ...
  [0. 0. 0.]
  [0. 0. 0.]
  [0. 0. 0.]]

 [[0. 0. 0.]
  [0. 0. 0.]
  [0. 0. 0.]
  ...
  [0. 0. 0.]
  [0. 0. 0.]
  [0. 0. 0.]]

 [[0. 0. 0.]
  [0. 0. 0.]
  [0. 0. 0.]
  ...
  [0. 0. 0.]
  [0. 0. 0.]
  [0. 0. 0.]]

 ...

 [[0. 0. 0.]
  [0. 0. 0.]
  [0. 0. 0.]
  ...
  [0. 0. 0.]
  [0. 0. 0.]
  [0. 0. 0.]]

 [[0. 0. 0.]
  [0. 0. 0.]
  [0. 0. 0.]
  ...
  [0. 0. 0.]
  [0. 0. 0.]
  [0. 0. 0.]]

 [[0. 0. 0.]
  [0. 0. 0.]
  [0. 0. 0.]
  ...
  [0. 0. 0.]
  [0. 0. 0.]
  [0. 0. 0.]]]","{'x': 510, 'y': 356, 'w': 160, 'h': 160}",8.229643098486122,2,1698916143.847941_frame.jpg
1698916144,"[[[0.50980395 0.5176471  0.5137255 ]
  [0.5137255  0.5176471  0.5137255 ]
  [0.5176471  0.52156866 0.5137255 ]
  ...
  [0.6431373  0.6431373  0.6431373 ]
  [0.64705884 0.64705884 0.64705884]
  [0.64705884 0.64705884 0.64705884]]

 [[0.50980395 0.5176471  0.5137255 ]
  [0.5137255  0.52156866 0.5137255 ]
  [0.5176471  0.52156866 0.5137255 ]
  ...
  [0.6431373  0.6431373  0.6431373 ]
  [0.64705884 0.64705884 0.64705884]
  [0.64705884 0.64705884 0.64705884]]

 [[0.5137255  0.52156866 0.5176471 ]
  [0.5137255  0.52156866 0.5137255 ]
  [0.5176471  0.52156866 0.5137255 ]
  ...
  [0.6431373  0.6431373  0.6431373 ]
  [0.6431373  0.6431373  0.6431373 ]
  [0.64705884 0.64705884 0.64705884]]

 ...

 [[0.56078434 0.56078434 0.56078434]
  [0.56078434 0.56078434 0.56078434]
  [0.56078434 0.56078434 0.56078434]
  ...
  [0.58431375 0.58431375 0.58431375]
  [0.58431375 0.58431375 0.58431375]
  [0.58431375 0.58431375 0.58431375]]

 [[0.5568628  0.5568628  0.5568628 ]
  [0.5568628  0.5568628  0.5568628 ]
  [0.5568628  0.5568628  0.5568628 ]
  ...
  [0.5803922  0.5803922  0.5803922 ]
  [0.5803922  0.5803922  0.5803922 ]
  [0.5803922  0.5803922  0.5803922 ]]

 [[0.5568628  0.5568628  0.5568628 ]
  [0.5568628  0.5568628  0.5568628 ]
  [0.5568628  0.5568628  0.5568628 ]
  ...
  [0.5803922  0.5803922  0.5803922 ]
  [0.5803922  0.5803922  0.5803922 ]
  [0.5803922  0.5803922  0.5803922 ]]]","{'x': 537, 'y': 384, 'w': 145, 'h': 145}",8.708116937603336,2,1698916149.748862_frame.jpg
1698916149,"[[[0.5137255  0.5137255  0.5137255 ]
  [0.5137255  0.5137255  0.5137255 ]
  [0.5137255  0.5137255  0.5137255 ]
  ...
  [0.7294118  0.7294118  0.7294118 ]
  [0.7294118  0.7294118  0.7294118 ]
  [0.73333335 0.73333335 0.73333335]]

 [[0.5137255  0.5137255  0.5137255 ]
  [0.5137255  0.5137255  0.5137255 ]
  [0.5137255  0.5137255  0.5137255 ]
  ...
  [0.7254902  0.7254902  0.7254902 ]
  [0.7254902  0.7254902  0.7254902 ]
  [0.7294118  0.7294118  0.7294118 ]]

 [[0.5137255  0.5137255  0.5137255 ]
  [0.5137255  0.5137255  0.5137255 ]
  [0.5176471  0.5176471  0.5176471 ]
  ...
  [0.72156864 0.72156864 0.72156864]
  [0.72156864 0.72156864 0.72156864]
  [0.7254902  0.7254902  0.7254902 ]]

 ...

 [[0.5529412  0.57254905 0.57254905]
  [0.56078434 0.5686275  0.5686275 ]
  [0.5686275  0.5686275  0.5686275 ]
  ...
  [0.56078434 0.56078434 0.56078434]
  [0.56078434 0.56078434 0.56078434]
  [0.5568628  0.5568628  0.5568628 ]]

 [[0.5529412  0.57254905 0.57254905]
  [0.56078434 0.5686275  0.5686275 ]
  [0.5686275  0.5686275  0.5686275 ]
  ...
  [0.5568628  0.5568628  0.5568628 ]
  [0.5568628  0.5568628  0.5568628 ]
  [0.5568628  0.5568628  0.5568628 ]]

 [[0.5529412  0.57254905 0.57254905]
  [0.56078434 0.5686275  0.5686275 ]
  [0.5686275  0.5686275  0.5686275 ]
  ...
  [0.5568628  0.5568628  0.5568628 ]
  [0.5568628  0.5568628  0.5568628 ]
  [0.5568628  0.5568628  0.5568628 ]]]","{'x': 575, 'y': 393, 'w': 143, 'h': 143}",8.020953145285603,2,1698916155.143837_frame.jpg
1698916155,"[[[0. 0. 0.]
  [0. 0. 0.]
  [0. 0. 0.]
  ...
  [0. 0. 0.]
  [0. 0. 0.]
  [0. 0. 0.]]

 [[0. 0. 0.]
  [0. 0. 0.]
  [0. 0. 0.]
  ...
  [0. 0. 0.]
  [0. 0. 0.]
  [0. 0. 0.]]

 [[0. 0. 0.]
  [0. 0. 0.]
  [0. 0. 0.]
  ...
  [0. 0. 0.]
  [0. 0. 0.]
  [0. 0. 0.]]

 ...

 [[0. 0. 0.]
  [0. 0. 0.]
  [0. 0. 0.]
  ...
  [0. 0. 0.]
  [0. 0. 0.]
  [0. 0. 0.]]

 [[0. 0. 0.]
  [0. 0. 0.]
  [0. 0. 0.]
  ...
  [0. 0. 0.]
  [0. 0. 0.]
  [0. 0. 0.]]

 [[0. 0. 0.]
  [0. 0. 0.]
  [0. 0. 0.]
  ...
  [0. 0. 0.]
  [0. 0. 0.]
  [0. 0. 0.]]]","{'x': 587, 'y': 392, 'w': 138, 'h': 138}",7.021462140313815,2,1698916160.833482_frame.jpg
1698916160,"[[[0.49411765 0.49411765 0.49411765]
  [0.49411765 0.49411765 0.49411765]
  [0.49411765 0.49411765 0.49411765]
  ...
  [0.69411767 0.69411767 0.69411767]
  [0.69411767 0.69411767 0.69411767]
  [0.69803923 0.69803923 0.69803923]]

 [[0.49411765 0.49411765 0.49803922]
  [0.49411765 0.49411765 0.49803922]
  [0.49411765 0.49411765 0.49803922]
  ...
  [0.69411767 0.69411767 0.69411767]
  [0.69803923 0.69803923 0.69803923]
  [0.69803923 0.69803923 0.69803923]]

 [[0.49411765 0.49411765 0.5019608 ]
  [0.49411765 0.49411765 0.5019608 ]
  [0.49411765 0.49411765 0.5019608 ]
  ...
  [0.69803923 0.69803923 0.69803923]
  [0.69803923 0.69803923 0.69803923]
  [0.7019608  0.7019608  0.7019608 ]]

 ...

 [[0.54901963 0.5529412  0.54509807]
  [0.54901963 0.5529412  0.54509807]
  [0.54901963 0.5529412  0.54509807]
  ...
  [0.5882353  0.5882353  0.5882353 ]
  [0.5882353  0.5882353  0.5882353 ]
  [0.5882353  0.5882353  0.5882353 ]]

 [[0.54901963 0.54901963 0.54509807]
  [0.54901963 0.54901963 0.54509807]
  [0.54901963 0.54901963 0.54509807]
  ...
  [0.5882353  0.5882353  0.5882353 ]
  [0.5882353  0.5882353  0.5882353 ]
  [0.5882353  0.5882353  0.5882353 ]]

 [[0.54901963 0.54901963 0.54901963]
  [0.54901963 0.54901963 0.54901963]
  [0.54901963 0.54901963 0.54901963]
  ...
  [0.5882353  0.5882353  0.5882353 ]
  [0.5882353  0.5882353  0.5882353 ]
  [0.5882353  0.5882353  0.5882353 ]]]","{'x': 560, 'y': 385, 'w': 144, 'h': 144}",6.247919161047321,2,1698916166.518051_frame.jpg
1698916166,"[[[0.5058824  0.5058824  0.5058824 ]
  [0.5019608  0.5019608  0.5019608 ]
  [0.5019608  0.5019608  0.5019608 ]
  ...
  [0.5254902  0.5254902  0.5254902 ]
  [0.5254902  0.5254902  0.5254902 ]
  [0.5294118  0.5294118  0.5294118 ]]

 [[0.5058824  0.5019608  0.5019608 ]
  [0.5058824  0.5019608  0.5019608 ]
  [0.5058824  0.5058824  0.5058824 ]
  ...
  [0.5372549  0.5372549  0.5372549 ]
  [0.5372549  0.5372549  0.5372549 ]
  [0.5372549  0.5372549  0.5372549 ]]

 [[0.5058824  0.49803922 0.5019608 ]
  [0.5058824  0.5019608  0.5019608 ]
  [0.5058824  0.5058824  0.5058824 ]
  ...
  [0.54901963 0.54901963 0.54901963]
  [0.54901963 0.54901963 0.54901963]
  [0.54901963 0.54901963 0.54901963]]

 ...

 [[0.5568628  0.56078434 0.5529412 ]
  [0.5568628  0.56078434 0.56078434]
  [0.56078434 0.56078434 0.5686275 ]
  ...
  [0.6        0.6        0.6       ]
  [0.6        0.6        0.6039216 ]
  [0.6        0.6        0.60784316]]

 [[0.5568628  0.56078434 0.5529412 ]
  [0.5568628  0.56078434 0.56078434]
  [0.56078434 0.56078434 0.5686275 ]
  ...
  [0.6        0.6        0.6       ]
  [0.6        0.6        0.6039216 ]
  [0.59607846 0.59607846 0.6039216 ]]

 [[0.5568628  0.56078434 0.5529412 ]
  [0.5568628  0.56078434 0.56078434]
  [0.56078434 0.56078434 0.5686275 ]
  ...
  [0.6        0.6        0.6       ]
  [0.59607846 0.59607846 0.6       ]
  [0.59607846 0.59607846 0.6039216 ]]]","{'x': 541, 'y': 371, 'w': 150, 'h': 150}",7.774378175556194,2,1698916172.374461_frame.jpg
1698916172,"[[[0.5294118  0.5294118  0.5294118 ]
  [0.5294118  0.5294118  0.5294118 ]
  [0.53333336 0.53333336 0.53333336]
  ...
  [0.52156866 0.52156866 0.52156866]
  [0.52156866 0.52156866 0.52156866]
  [0.52156866 0.52156866 0.52156866]]

 [[0.5254902  0.5254902  0.5254902 ]
  [0.5294118  0.5294118  0.5294118 ]
  [0.5294118  0.5294118  0.5294118 ]
  ...
  [0.52156866 0.52156866 0.52156866]
  [0.52156866 0.52156866 0.52156866]
  [0.52156866 0.52156866 0.52156866]]

 [[0.5254902  0.5254902  0.5254902 ]
  [0.5254902  0.5254902  0.5254902 ]
  [0.5294118  0.5294118  0.5294118 ]
  ...
  [0.5254902  0.5254902  0.5254902 ]
  [0.5254902  0.5254902  0.5254902 ]
  [0.5254902  0.5254902  0.5254902 ]]

 ...

 [[0.54901963 0.5568628  0.5529412 ]
  [0.54901963 0.5529412  0.5529412 ]
  [0.5529412  0.5529412  0.5529412 ]
  ...
  [0.5921569  0.5921569  0.5921569 ]
  [0.5921569  0.5921569  0.5921569 ]
  [0.5921569  0.5921569  0.5921569 ]]

 [[0.54901963 0.5568628  0.5529412 ]
  [0.54901963 0.5529412  0.5529412 ]
  [0.5529412  0.5529412  0.5529412 ]
  ...
  [0.5921569  0.5921569  0.5921569 ]
  [0.5921569  0.5921569  0.5921569 ]
  [0.5921569  0.5921569  0.5921569 ]]

 [[0.54901963 0.5568628  0.5529412 ]
  [0.54901963 0.5529412  0.5529412 ]
  [0.5529412  0.5529412  0.5529412 ]
  ...
  [0.5921569  0.5921569  0.5921569 ]
  [0.5921569  0.5921569  0.5921569 ]
  [0.5921569  0.5921569  0.5921569 ]]]","{'x': 535, 'y': 364, 'w': 155, 'h': 155}",10.360997076786589,2,1698916177.9405_frame.jpg
1698916178,"[[[0.52156866 0.5254902  0.5176471 ]
  [0.52156866 0.5254902  0.5176471 ]
  [0.52156866 0.5254902  0.5176471 ]
  ...
  [0.49803922 0.49803922 0.49803922]
  [0.50980395 0.50980395 0.50980395]
  [0.52156866 0.52156866 0.52156866]]

 [[0.52156866 0.5254902  0.5176471 ]
  [0.52156866 0.5254902  0.5176471 ]
  [0.52156866 0.5254902  0.5176471 ]
  ...
  [0.45490196 0.45490196 0.45490196]
  [0.45882353 0.45882353 0.45882353]
  [0.4627451  0.4627451  0.4627451 ]]

 [[0.52156866 0.5254902  0.5176471 ]
  [0.52156866 0.5254902  0.5176471 ]
  [0.52156866 0.5254902  0.5176471 ]
  ...
  [0.44313726 0.44313726 0.44313726]
  [0.43529412 0.43529412 0.43529412]
  [0.43137255 0.43137255 0.43137255]]

 ...

 [[0.5568628  0.5568628  0.5568628 ]
  [0.5568628  0.5568628  0.5568628 ]
  [0.5568628  0.5568628  0.5568628 ]
  ...
  [0.5921569  0.5921569  0.5921569 ]
  [0.5921569  0.5921569  0.5921569 ]
  [0.5921569  0.5921569  0.5921569 ]]

 [[0.5568628  0.5568628  0.5568628 ]
  [0.5568628  0.5568628  0.5568628 ]
  [0.5568628  0.5568628  0.5568628 ]
  ...
  [0.5921569  0.5921569  0.5921569 ]
  [0.5921569  0.5921569  0.5921569 ]
  [0.5921569  0.5921569  0.5921569 ]]

 [[0.5568628  0.5568628  0.5568628 ]
  [0.5568628  0.5568628  0.5568628 ]
  [0.5568628  0.5568628  0.5568628 ]
  ...
  [0.5921569  0.5921569  0.5921569 ]
  [0.5921569  0.5921569  0.5921569 ]
  [0.5921569  0.5921569  0.5921569 ]]]","{'x': 541, 'y': 373, 'w': 149, 'h': 149}",9.88201908924384,2,1698916183.863636_frame.jpg
1698916183,"[[[0. 0. 0.]
  [0. 0. 0.]
  [0. 0. 0.]
  ...
  [0. 0. 0.]
  [0. 0. 0.]
  [0. 0. 0.]]

 [[0. 0. 0.]
  [0. 0. 0.]
  [0. 0. 0.]
  ...
  [0. 0. 0.]
  [0. 0. 0.]
  [0. 0. 0.]]

 [[0. 0. 0.]
  [0. 0. 0.]
  [0. 0. 0.]
  ...
  [0. 0. 0.]
  [0. 0. 0.]
  [0. 0. 0.]]

 ...

 [[0. 0. 0.]
  [0. 0. 0.]
  [0. 0. 0.]
  ...
  [0. 0. 0.]
  [0. 0. 0.]
  [0. 0. 0.]]

 [[0. 0. 0.]
  [0. 0. 0.]
  [0. 0. 0.]
  ...
  [0. 0. 0.]
  [0. 0. 0.]
  [0. 0. 0.]]

 [[0. 0. 0.]
  [0. 0. 0.]
  [0. 0. 0.]
  ...
  [0. 0. 0.]
  [0. 0. 0.]
  [0. 0. 0.]]]","{'x': 549, 'y': 375, 'w': 151, 'h': 151}",8.82086199981859,2,1698916189.853136_frame.jpg
1698916189,"[[[0. 0. 0.]
  [0. 0. 0.]
  [0. 0. 0.]
  ...
  [0. 0. 0.]
  [0. 0. 0.]
  [0. 0. 0.]]

 [[0. 0. 0.]
  [0. 0. 0.]
  [0. 0. 0.]
  ...
  [0. 0. 0.]
  [0. 0. 0.]
  [0. 0. 0.]]

 [[0. 0. 0.]
  [0. 0. 0.]
  [0. 0. 0.]
  ...
  [0. 0. 0.]
  [0. 0. 0.]
  [0. 0. 0.]]

 ...

 [[0. 0. 0.]
  [0. 0. 0.]
  [0. 0. 0.]
  ...
  [0. 0. 0.]
  [0. 0. 0.]
  [0. 0. 0.]]

 [[0. 0. 0.]
  [0. 0. 0.]
  [0. 0. 0.]
  ...
  [0. 0. 0.]
  [0. 0. 0.]
  [0. 0. 0.]]

 [[0. 0. 0.]
  [0. 0. 0.]
  [0. 0. 0.]
  ...
  [0. 0. 0.]
  [0. 0. 0.]
  [0. 0. 0.]]]","{'x': 535, 'y': 370, 'w': 152, 'h': 152}",6.922208056028467,2,1698916192.413169_frame.jpg
1698916192,"[[[0.5294118  0.53333336 0.5254902 ]
  [0.5294118  0.53333336 0.5294118 ]
  [0.53333336 0.5372549  0.5294118 ]
  ...
  [0.50980395 0.50980395 0.50980395]
  [0.50980395 0.50980395 0.50980395]
  [0.50980395 0.50980395 0.50980395]]

 [[0.5294118  0.5294118  0.5254902 ]
  [0.5294118  0.5294118  0.5294118 ]
  [0.5294118  0.53333336 0.5294118 ]
  ...
  [0.5137255  0.5137255  0.5137255 ]
  [0.5137255  0.5137255  0.5137255 ]
  [0.5137255  0.5137255  0.5137255 ]]

 [[0.5294118  0.5294118  0.5294118 ]
  [0.5294118  0.5294118  0.5294118 ]
  [0.5294118  0.5294118  0.5294118 ]
  ...
  [0.5176471  0.5176471  0.5176471 ]
  [0.5176471  0.5176471  0.5176471 ]
  [0.5176471  0.5176471  0.5176471 ]]

 ...

 [[0.5568628  0.5568628  0.5568628 ]
  [0.5568628  0.5568628  0.5568628 ]
  [0.56078434 0.56078434 0.56078434]
  ...
  [0.5921569  0.5921569  0.5921569 ]
  [0.5921569  0.5921569  0.5921569 ]
  [0.5921569  0.5921569  0.5921569 ]]

 [[0.5568628  0.5568628  0.5568628 ]
  [0.5568628  0.5568628  0.5568628 ]
  [0.5568628  0.56078434 0.5568628 ]
  ...
  [0.5921569  0.5921569  0.5921569 ]
  [0.5921569  0.5921569  0.5921569 ]
  [0.5921569  0.5921569  0.5921569 ]]

 [[0.5568628  0.5568628  0.5568628 ]
  [0.5568628  0.5568628  0.5568628 ]
  [0.5568628  0.5568628  0.5568628 ]
  ...
  [0.5921569  0.5921569  0.5921569 ]
  [0.5921569  0.5921569  0.5921569 ]
  [0.5921569  0.5921569  0.5921569 ]]]","{'x': 534, 'y': 363, 'w': 154, 'h': 154}",8.677587009675335,2,1698916194.941649_frame.jpg
1698916195,"[[[0.52156866 0.52156866 0.52156866]
  [0.52156866 0.5254902  0.5254902 ]
  [0.52156866 0.5294118  0.53333336]
  ...
  [0.5372549  0.5372549  0.5372549 ]
  [0.53333336 0.53333336 0.53333336]
  [0.53333336 0.53333336 0.53333336]]

 [[0.52156866 0.52156866 0.52156866]
  [0.52156866 0.5254902  0.5254902 ]
  [0.52156866 0.5294118  0.53333336]
  ...
  [0.5411765  0.5411765  0.5411765 ]
  [0.5411765  0.5411765  0.5411765 ]
  [0.5411765  0.5411765  0.5411765 ]]

 [[0.5254902  0.5254902  0.5254902 ]
  [0.52156866 0.5254902  0.5254902 ]
  [0.5176471  0.5254902  0.5294118 ]
  ...
  [0.54509807 0.54509807 0.54509807]
  [0.54509807 0.54509807 0.54509807]
  [0.54901963 0.54901963 0.54901963]]

 ...

 [[0.5686275  0.5686275  0.5686275 ]
  [0.5686275  0.5686275  0.5686275 ]
  [0.57254905 0.57254905 0.57254905]
  ...
  [0.5882353  0.5882353  0.5882353 ]
  [0.5882353  0.5882353  0.5882353 ]
  [0.5882353  0.5882353  0.5882353 ]]

 [[0.5686275  0.5686275  0.5686275 ]
  [0.57254905 0.57254905 0.57254905]
  [0.57254905 0.57254905 0.57254905]
  ...
  [0.5882353  0.5882353  0.5882353 ]
  [0.5882353  0.5882353  0.5882353 ]
  [0.5882353  0.5882353  0.5882353 ]]

 [[0.5686275  0.5686275  0.5686275 ]
  [0.57254905 0.57254905 0.57254905]
  [0.5764706  0.5764706  0.5764706 ]
  ...
  [0.5882353  0.5882353  0.5882353 ]
  [0.5882353  0.5882353  0.5882353 ]
  [0.5882353  0.5882353  0.5882353 ]]]","{'x': 547, 'y': 371, 'w': 146, 'h': 146}",9.504062201245688,2,1698916200.684394_frame.jpg
